wall_time,frame,yaw_deg,status,n_filtered,center_count,path_count,px4_status_ok,px4_target_speed,px4_command_speed,px4_raw_yaw_deg,px4_target_yaw_deg,px4_command_yaw_deg,px4_absolute_yaw_deg,px4_velocity_x,px4_velocity_y
1775099092.099,1,5.44,ok,0,43,73,True,0.3000,0.0375,0.0000,0.0000,0.0000,-57.5450,0.0201,-0.0316
1775099092.180,2,7.04,ok,0,42,72,True,0.3000,0.0450,5.4400,1.9040,1.2500,-56.2168,0.0250,-0.0374
1775099092.245,3,4.93,ok,0,43,73,True,0.3000,0.0600,7.0400,2.4640,2.4640,-54.8670,0.0345,-0.0491
1775099092.318,4,1.89,ok,0,44,74,True,0.3000,0.0675,4.9300,1.7255,1.7255,-55.5373,0.0382,-0.0557
1775099092.399,5,-0.23,ok,0,44,74,True,0.3000,0.0825,1.8900,0.6615,0.6615,-56.4635,0.0456,-0.0688
1775099092.479,6,-4.74,ok,0,43,73,True,0.3000,0.0900,-0.2300,-0.0805,-0.0805,-57.1437,0.0488,-0.0756
1775099092.574,7,-6.41,ok,0,41,71,True,0.3000,0.1050,-4.7400,-1.6590,-1.6590,-58.6033,0.0547,-0.0896
1775099092.661,8,14.22,ok,0,26,56,True,0.3000,0.1200,-6.4100,-2.2435,-2.2435,-59.0940,0.0616,-0.1030
1775099092.794,9,11.51,ok,0,33,63,True,0.3000,0.1425,14.2200,4.9770,1.5065,-55.2087,0.0813,-0.1170
1775099092.912,10,-0.78,ok,0,39,69,True,0.3000,0.1500,11.5100,4.0285,2.7565,-53.9188,0.0883,-0.1212
1775099092.995,11,-3.64,ok,0,39,69,True,0.3000,0.1650,-0.7800,-0.2730,0.2565,-56.3031,0.0915,-0.1373
1775099093.080,12,-2.55,ok,0,37,67,True,0.3000,0.1725,-3.6400,-1.2740,-0.9935,-57.5115,0.0927,-0.1455
1775099093.168,13,-1.78,ok,0,38,68,True,0.3000,0.1875,-2.5500,-0.8925,-0.8925,-57.3246,0.1012,-0.1578
1775099093.254,14,-2.81,ok,0,41,71,True,0.3000,0.2025,-1.7800,-0.6230,-0.6230,-56.9583,0.1104,-0.1698
1775099093.351,15,1.88,ok,0,37,67,True,0.3000,0.2175,-2.8100,-0.9835,-0.9835,-57.2166,0.1178,-0.1829
1775099093.434,16,5.89,ok,0,38,68,True,0.3000,0.2325,1.8800,0.6580,0.6580,-55.4667,0.1318,-0.1915
1775099093.519,17,1.79,ok,0,43,73,True,0.3000,0.2400,5.8900,2.0615,1.9080,-54.1622,0.1405,-0.1946
1775099093.603,18,-7.33,ok,0,44,74,True,0.3000,0.2550,1.7900,0.6265,0.6265,-55.3301,0.1451,-0.2097
1775099093.692,19,-13.71,ok,0,44,74,True,0.3000,0.2700,-7.3300,-2.5655,-1.8735,-57.7137,0.1442,-0.2283
1775099093.810,20,-18.18,ok,0,44,74,True,0.3000,0.2850,-13.7100,-4.7985,-4.3735,-60.0984,0.1421,-0.2471
1775099093.947,21,-21.31,ok,0,44,74,True,0.3000,0.3000,-18.1800,-6.3630,-6.3630,-61.9039,0.1413,-0.2646
1775099094.067,22,-23.50,ok,0,44,74,True,0.3000,0.3000,-21.3100,-7.4585,-7.4585,-62.8475,0.1369,-0.2669
1775099094.168,23,-22.45,ok,0,41,71,True,0.3000,0.3000,-23.5000,-8.2250,-8.2250,-63.4570,0.1341,-0.2684
1775099094.274,24,-18.80,ok,0,43,73,True,0.3000,0.3000,-22.4500,-7.8575,-7.8575,-62.9315,0.1365,-0.2671
1775099094.380,25,-10.83,ok,0,40,70,True,0.3000,0.3000,-18.8000,-6.5800,-6.5800,-61.4423,0.1434,-0.2635
1775099094.489,26,-6.02,ok,0,39,69,True,0.3000,0.3000,-10.8300,-3.7905,-3.7905,-58.3514,0.1574,-0.2554
1775099094.571,27,-1.13,ok,0,38,68,True,0.3000,0.3000,-6.0200,-2.1070,-2.5405,-56.9860,0.1635,-0.2516
1775099094.658,28,6.55,ok,0,35,65,True,0.3000,0.3000,-1.1300,-0.3955,-0.3955,-54.6117,0.1737,-0.2446
1775099094.758,29,0.74,ok,0,42,72,True,0.3000,0.3000,6.5500,2.2925,2.1045,-51.8943,0.1851,-0.2361
1775099094.848,30,-5.48,ok,0,43,73,True,0.3000,0.3000,0.7400,0.2590,0.2590,-53.5192,0.1784,-0.2412
1775099094.926,31,-8.41,ok,0,39,69,True,0.3000,0.3000,-5.4800,-1.9180,-0.9910,-54.6555,0.1735,-0.2447
1775099095.049,32,-13.22,ok,0,39,69,True,0.3000,0.3000,-8.4100,-2.9435,-2.9435,-56.2703,0.1666,-0.2495
1775099095.161,33,-16.59,ok,0,39,69,True,0.3000,0.3000,-13.2200,-4.6270,-4.6270,-57.7342,0.1602,-0.2537
1775099095.261,34,-20.78,ok,0,40,70,True,0.3000,0.3000,-16.5900,-5.8065,-5.8065,-58.6997,0.1559,-0.2563
1775099095.358,35,-20.54,ok,0,42,72,True,0.3000,0.3000,-20.7800,-7.2730,-7.2730,-59.9605,0.1502,-0.2597
1775099095.450,36,-15.94,ok,0,40,70,True,0.3000,0.3000,-20.5400,-7.1890,-7.1890,-59.6754,0.1515,-0.2590
1775099095.550,37,-11.16,ok,0,39,69,True,0.3000,0.3000,-15.9400,-5.5790,-5.5790,-57.8796,0.1595,-0.2541
1775099095.652,38,-7.81,ok,0,38,68,True,0.3000,0.3000,-11.1600,-3.9060,-3.9060,-56.0439,0.1676,-0.2488
1775099095.741,39,-1.63,ok,0,36,66,True,0.3000,0.3000,-7.8100,-2.7335,-2.7335,-54.7303,0.1732,-0.2449
1775099095.830,40,-3.47,ok,0,40,70,True,0.3000,0.3000,-1.6300,-0.5705,-1.4835,-53.4144,0.1788,-0.2409
1775099095.919,41,-7.00,ok,0,42,72,True,0.3000,0.3000,-3.4700,-1.2145,-1.2145,-53.0162,0.1805,-0.2396
1775099096.012,42,-9.48,ok,0,42,72,True,0.3000,0.3000,-7.0000,-2.4500,-2.4500,-54.1395,0.1757,-0.2431
1775099096.139,43,-13.31,ok,0,43,73,True,0.3000,0.3000,-9.4800,-3.3180,-3.3180,-54.8603,0.1727,-0.2453
1775099096.259,44,-16.65,ok,0,39,69,True,0.3000,0.3000,-13.3100,-4.6585,-4.6585,-56.1301,0.1672,-0.2491
1775099096.380,45,-19.62,ok,0,39,69,True,0.3000,0.3000,-16.6500,-5.8275,-5.8275,-57.2591,0.1623,-0.2523
1775099096.498,46,-21.71,ok,0,39,69,True,0.3000,0.3000,-19.6200,-6.8670,-6.8670,-58.2920,0.1577,-0.2552
1775099096.612,47,-18.29,ok,0,36,66,True,0.3000,0.3000,-21.7100,-7.5985,-7.5985,-59.0489,0.1543,-0.2573
1775099096.725,48,-17.38,ok,0,41,71,True,0.3000,0.3000,-18.2900,-6.4015,-6.4015,-57.9003,0.1594,-0.2541
1775099096.842,49,-14.49,ok,0,39,69,True,0.3000,0.3000,-17.3800,-6.0830,-6.0830,-57.6710,0.1604,-0.2535
1775099096.969,50,2.95,ok,0,30,60,True,0.3000,0.3000,-14.4900,-5.0715,-5.0715,-56.7197,0.1646,-0.2508
1775099097.057,51,0.51,ok,0,40,70,True,0.3000,0.3000,2.9500,1.0325,-2.5715,-54.2693,0.1752,-0.2435
1775099097.152,52,-3.48,ok,0,42,72,True,0.3000,0.3000,0.5100,0.1785,-0.0715,-51.8170,0.1855,-0.2358
1775099097.245,53,-7.02,ok,0,42,72,True,0.3000,0.3000,-3.4800,-1.2180,-1.2180,-52.9966,0.1806,-0.2396
1775099097.341,54,-8.75,ok,0,42,72,True,0.3000,0.3000,-7.0200,-2.4570,-2.4570,-54.2606,0.1752,-0.2435
1775099097.468,55,-15.30,ok,0,43,73,True,0.3000,0.3000,-8.7500,-3.0625,-3.0625,-54.8701,0.1726,-0.2454
1775099097.592,56,-20.45,ok,0,43,73,True,0.3000,0.3000,-15.3000,-5.3550,-5.3550,-57.1371,0.1628,-0.2520
1775099097.704,57,-20.31,ok,0,43,73,True,0.3000,0.3000,-20.4500,-7.1575,-7.1575,-58.9090,0.1549,-0.2569
1775099097.823,58,-20.21,ok,0,44,74,True,0.3000,0.3000,-20.3100,-7.1085,-7.1085,-58.8209,0.1553,-0.2567
1775099097.952,59,-11.06,ok,0,37,67,True,0.3000,0.3000,-20.2100,-7.0735,-7.0735,-58.7410,0.1557,-0.2564
1775099098.070,60,-1.75,ok,0,35,65,True,0.3000,0.3000,-11.0600,-3.8710,-4.5735,-56.2257,0.1668,-0.2494
1775099098.161,61,-3.55,ok,0,39,69,True,0.3000,0.3000,-1.7500,-0.6125,-2.0735,-53.7264,0.1775,-0.2419
1775099098.257,62,-5.45,ok,0,38,68,True,0.3000,0.3000,-3.5500,-1.2425,-1.2425,-52.8985,0.1810,-0.2393
1775099098.345,63,-3.81,ok,0,35,65,True,0.3000,0.3000,-5.4500,-1.9075,-1.9075,-53.5649,0.1782,-0.2414
1775099098.425,64,-5.63,ok,0,36,66,True,0.3000,0.3000,-3.8100,-1.3335,-1.3335,-52.9944,0.1806,-0.2396
1775099098.516,65,0.45,ok,0,33,63,True,0.3000,0.3000,-5.6300,-1.9705,-1.9705,-53.6476,0.1778,-0.2416
1775099098.600,66,8.28,ok,0,32,62,True,0.3000,0.3000,0.4500,0.1575,0.1575,-51.5432,0.1866,-0.2349
1775099098.727,67,8.89,ok,0,37,67,True,0.3000,0.3000,8.2800,2.8980,2.6575,-49.0680,0.1965,-0.2266
1775099098.848,68,13.56,ok,0,34,64,True,0.3000,0.3000,8.8900,3.1115,3.1115,-48.6473,0.1982,-0.2252
1775099098.972,69,6.40,ok,0,43,73,True,0.3000,0.3000,13.5600,4.7460,4.7460,-47.0166,0.2045,-0.2195
1775099099.067,70,2.15,ok,0,43,73,True,0.3000,0.3000,6.4000,2.2400,2.2460,-49.5050,0.1948,-0.2281
1775099099.158,71,0.69,ok,0,45,75,True,0.3000,0.3000,2.1500,0.7525,0.7525,-50.9664,0.1889,-0.2330
1775099099.248,72,-2.75,ok,0,49,79,True,0.3000,0.3000,0.6900,0.2415,0.2415,-51.4187,0.1871,-0.2345
1775099099.329,73,-1.93,ok,0,50,80,True,0.3000,0.3000,-2.7500,-0.9625,-0.9625,-52.5873,0.1823,-0.2383
1775099099.419,74,-3.91,ok,0,54,84,True,0.3000,0.3000,-1.9300,-0.6755,-0.6755,-52.2082,0.1838,-0.2371
1775099099.507,75,-5.30,ok,0,57,87,True,0.3000,0.3000,-3.9100,-1.3685,-1.3685,-52.8073,0.1813,-0.2390
1775099099.599,76,-6.27,ok,0,55,85,True,0.3000,0.3000,-5.3000,-1.8550,-1.8550,-53.2082,0.1797,-0.2402
1775099099.700,77,-4.39,ok,0,50,80,True,0.3000,0.3000,-6.2700,-2.1945,-2.1945,-53.4821,0.1785,-0.2411
1775099099.799,78,-6.31,ok,0,48,78,True,0.3000,0.3000,-4.3900,-1.5365,-1.5365,-52.7844,0.1814,-0.2389
1775099099.897,79,-8.43,ok,0,47,77,True,0.3000,0.3000,-6.3100,-2.2085,-2.2085,-53.4376,0.1787,-0.2410
1775099100.028,80,-4.34,ok,0,41,71,True,0.3000,0.3000,-8.4300,-2.9505,-2.9505,-54.1498,0.1757,-0.2432
1775099100.119,81,1.54,ok,0,38,68,True,0.3000,0.3000,-4.3400,-1.5190,-1.5190,-52.6610,0.1820,-0.2385
1775099100.200,82,3.30,ok,0,35,65,True,0.3000,0.3000,1.5400,0.5390,0.5390,-50.5142,0.1908,-0.2315
1775099100.279,83,1.57,ok,0,35,65,True,0.3000,0.3000,3.3000,1.1550,1.1550,-49.8292,0.1935,-0.2292
1775099100.358,84,1.10,ok,0,36,66,True,0.3000,0.3000,1.5700,0.5495,0.5495,-50.3103,0.1916,-0.2309
1775099100.451,85,3.00,ok,0,38,68,True,0.3000,0.3000,1.1000,0.3850,0.3850,-50.3611,0.1914,-0.2310
1775099100.551,86,3.66,ok,0,40,70,True,0.3000,0.3000,3.0000,1.0500,1.0500,-49.5741,0.1945,-0.2284
1775099100.646,87,4.89,ok,0,42,72,True,0.3000,0.3000,3.6600,1.2810,1.2810,-49.2159,0.1960,-0.2272
1775099100.737,88,15.60,ok,0,36,66,True,0.3000,0.3000,4.8900,1.7115,1.7115,-48.6570,0.1982,-0.2252
1775099100.862,89,18.56,ok,0,40,70,True,0.3000,0.3000,15.6000,5.4600,4.2115,-46.0247,0.2083,-0.2159
1775099100.967,90,18.52,ok,0,45,75,True,0.3000,0.3000,18.5600,6.4960,6.4960,-43.6208,0.2172,-0.2070
1775099101.074,91,19.22,ok,0,45,75,True,0.3000,0.3000,18.5200,6.4820,6.4820,-43.5073,0.2176,-0.2065
1775099101.198,92,16.69,ok,0,47,77,True,0.3000,0.3000,19.2200,6.7270,6.7270,-43.0495,0.2192,-0.2048
1775099101.325,93,17.21,ok,0,45,75,True,0.3000,0.3000,16.6900,5.8415,5.8415,-43.7732,0.2166,-0.2075
1775099101.455,94,27.99,ok,0,33,63,True,0.3000,0.3000,17.2100,6.0235,6.0235,-43.3490,0.2182,-0.2059
1775099101.588,95,33.09,ok,0,35,65,True,0.3000,0.3000,27.9900,9.7965,9.7735,-39.4022,0.2318,-0.1904
1775099101.713,96,27.95,ok,0,42,72,True,0.3000,0.3000,33.0900,11.5815,11.5815,-37.4900,0.2380,-0.1826
1775099101.850,97,32.66,ok,0,33,63,True,0.3000,0.3000,27.9500,9.7825,9.7825,-39.1673,0.2326,-0.1895
1775099101.969,98,24.42,ok,0,41,71,True,0.3000,0.3000,32.6600,11.4310,11.4310,-37.4452,0.2382,-0.1824
1775099102.102,99,21.67,ok,0,39,69,True,0.3000,0.3000,24.4200,8.5470,8.5470,-40.2195,0.2291,-0.1937
1775099102.223,100,16.73,ok,0,41,71,True,0.3000,0.3000,21.6700,7.5845,7.5845,-41.1077,0.2260,-0.1972
1775099102.358,101,13.27,ok,0,42,72,True,0.3000,0.3000,16.7300,5.8555,5.8555,-42.7095,0.2204,-0.2035
1775099102.479,102,9.29,ok,0,43,73,True,0.3000,0.3000,13.2700,4.6445,4.6445,-43.8332,0.2164,-0.2078
1775099102.611,103,11.29,ok,0,42,72,True,0.3000,0.3000,9.2900,3.2515,3.2515,-45.0830,0.2118,-0.2124
1775099102.735,104,18.56,ok,0,37,67,True,0.3000,0.3000,11.2900,3.9515,3.9515,-44.2487,0.2149,-0.2093
1775099102.859,105,21.92,ok,0,39,69,True,0.3000,0.3000,18.5600,6.4960,6.4515,-41.6554,0.2241,-0.1994
1775099102.980,106,24.26,ok,0,39,69,True,0.3000,0.3000,21.9200,7.6720,7.6720,-40.3418,0.2287,-0.1942
1775099103.107,107,27.09,ok,0,37,67,True,0.3000,0.3000,24.2600,8.4910,8.4910,-39.3964,0.2318,-0.1904
1775099103.230,108,20.60,ok,0,45,75,True,0.3000,0.3000,27.0900,9.4815,9.4815,-38.3220,0.2354,-0.1860
1775099103.346,109,16.05,ok,0,44,74,True,0.3000,0.3000,20.6000,7.2100,7.2100,-40.4803,0.2282,-0.1948
1775099103.460,110,11.23,ok,0,44,74,True,0.3000,0.3000,16.0500,5.6175,5.6175,-42.0106,0.2229,-0.2008
1775099103.572,111,9.50,ok,0,43,73,True,0.3000,0.3000,11.2300,3.9305,3.9305,-43.6470,0.2171,-0.2071
1775099103.696,112,6.65,ok,0,43,73,True,0.3000,0.3000,9.5000,3.3250,3.3250,-44.1881,0.2151,-0.2091
1775099103.790,113,6.29,ok,0,42,72,True,0.3000,0.3000,6.6500,2.3275,2.3275,-45.1522,0.2116,-0.2127
1775099103.896,114,5.96,ok,0,41,71,True,0.3000,0.3000,6.2900,2.2015,2.2015,-45.2391,0.2112,-0.2130
1775099103.991,115,6.50,ok,0,40,70,True,0.3000,0.3000,5.9600,2.0860,2.0860,-45.3159,0.2110,-0.2133
1775099104.092,116,6.88,ok,0,41,71,True,0.3000,0.3000,6.5000,2.2750,2.2750,-45.0776,0.2118,-0.2124
1775099104.192,117,6.45,ok,0,42,72,True,0.3000,0.3000,6.8800,2.4080,2.4080,-44.8889,0.2125,-0.2117
1775099104.286,118,4.51,ok,0,43,73,True,0.3000,0.3000,6.4500,2.2575,2.2575,-44.9800,0.2122,-0.2121
1775099104.380,119,4.79,ok,0,42,72,True,0.3000,0.3000,4.5100,1.5785,1.5785,-45.6273,0.2098,-0.2144
1775099104.477,120,3.35,ok,0,43,73,True,0.3000,0.3000,4.7900,1.6765,1.6765,-45.4570,0.2104,-0.2138
1775099104.571,121,3.98,ok,0,42,72,True,0.3000,0.3000,3.3500,1.1725,1.1725,-45.9114,0.2087,-0.2155
1775099104.658,122,5.23,ok,0,41,71,True,0.3000,0.3000,3.9800,1.3930,1.3930,-45.6381,0.2098,-0.2145
1775099104.755,123,5.29,ok,0,42,72,True,0.3000,0.3000,5.2300,1.8305,1.8305,-45.1563,0.2116,-0.2127
1775099104.849,124,6.14,ok,0,41,71,True,0.3000,0.3000,5.2900,1.8515,1.8515,-45.1114,0.2117,-0.2125
1775099104.930,125,6.74,ok,0,41,71,True,0.3000,0.3000,6.1400,2.1490,2.1490,-44.8031,0.2129,-0.2114
1775099105.021,126,7.16,ok,0,40,70,True,0.3000,0.3000,6.7400,2.3590,2.3590,-44.5833,0.2137,-0.2106
1775099105.103,127,5.01,ok,0,43,73,True,0.3000,0.3000,7.1600,2.5060,2.5060,-44.4259,0.2142,-0.2100
1775099105.193,128,6.74,ok,0,40,70,True,0.3000,0.3000,5.0100,1.7535,1.7535,-45.1637,0.2115,-0.2127
1775099105.273,129,7.16,ok,0,41,71,True,0.3000,0.3000,6.7400,2.3590,2.3590,-44.5483,0.2138,-0.2105
1775099105.349,130,7.45,ok,0,40,70,True,0.3000,0.3000,7.1600,2.5060,2.5060,-44.3768,0.2144,-0.2098
1775099105.439,131,7.65,ok,0,40,70,True,0.3000,0.3000,7.4500,2.6075,2.6075,-44.2401,0.2149,-0.2093
1775099105.540,132,8.59,ok,0,39,69,True,0.3000,0.3000,7.6500,2.6775,2.6775,-44.1303,0.2153,-0.2089
1775099105.672,133,10.03,ok,0,39,69,True,0.3000,0.3000,8.5900,3.0065,3.0065,-43.7653,0.2167,-0.2075
1775099105.794,134,10.26,ok,0,40,70,True,0.3000,0.3000,10.0300,3.5105,3.5105,-43.2425,0.2185,-0.2055
1775099105.915,135,10.42,ok,0,40,70,True,0.3000,0.3000,10.2600,3.5910,3.5910,-43.1578,0.2188,-0.2052
1775099106.031,136,8.92,ok,0,40,70,True,0.3000,0.3000,10.4200,3.6470,3.6470,-43.1036,0.2190,-0.2050
1775099106.152,137,7.88,ok,0,43,73,True,0.3000,0.3000,8.9200,3.1220,3.1220,-43.6460,0.2171,-0.2071
1775099106.254,138,8.75,ok,0,39,69,True,0.3000,0.3000,7.8800,2.7580,2.7580,-44.0321,0.2157,-0.2085
1775099106.383,139,7.76,ok,0,40,70,True,0.3000,0.3000,8.7500,3.0625,3.0625,-43.7488,0.2167,-0.2074
1775099106.466,140,8.67,ok,0,39,69,True,0.3000,0.3000,7.7600,2.7160,2.7160,-44.1199,0.2154,-0.2088
1775099106.596,141,7.70,ok,0,40,70,True,0.3000,0.3000,8.6700,3.0345,3.0345,-43.8422,0.2164,-0.2078
1775099106.685,142,7.02,ok,0,40,70,True,0.3000,0.3000,7.7000,2.6950,2.6950,-44.1922,0.2151,-0.2091
1775099106.769,143,8.15,ok,0,40,70,True,0.3000,0.3000,7.0200,2.4570,2.4570,-44.4615,0.2141,-0.2101
1775099106.898,144,8.94,ok,0,40,70,True,0.3000,0.3000,8.1500,2.8525,2.8525,-44.1101,0.2154,-0.2088
1775099107.022,145,9.49,ok,0,40,70,True,0.3000,0.3000,8.9400,3.1290,3.1290,-43.8611,0.2163,-0.2079
1775099107.157,146,9.88,ok,0,39,69,True,0.3000,0.3000,9.4900,3.3215,3.3215,-43.7111,0.2169,-0.2073
1775099107.291,147,8.55,ok,0,40,70,True,0.3000,0.3000,9.8800,3.4580,3.4580,-43.6238,0.2172,-0.2070
1775099107.412,148,7.62,ok,0,40,70,True,0.3000,0.3000,8.5500,2.9925,2.9925,-44.1361,0.2153,-0.2089
1775099107.501,149,6.96,ok,0,40,70,True,0.3000,0.3000,7.6200,2.6670,2.6670,-44.5163,0.2139,-0.2103
1775099107.603,150,8.89,ok,0,38,68,True,0.3000,0.3000,6.9600,2.4360,2.4360,-44.8075,0.2128,-0.2114
1775099107.727,151,10.24,ok,0,38,68,True,0.3000,0.3000,8.8900,3.1115,3.1115,-44.2034,0.2151,-0.2092
1775099107.842,152,11.19,ok,0,39,69,True,0.3000,0.3000,10.2400,3.5840,3.5840,-43.8625,0.2163,-0.2079
1775099107.960,153,9.46,ok,0,40,70,True,0.3000,0.3000,11.1900,3.9165,3.9165,-43.6355,0.2171,-0.2070
1775099108.079,154,9.86,ok,0,39,69,True,0.3000,0.3000,9.4600,3.3110,3.3110,-44.3495,0.2145,-0.2097
1775099108.200,155,8.53,ok,0,40,70,True,0.3000,0.3000,9.8600,3.4510,3.4510,-44.3496,0.2145,-0.2097
1775099108.307,156,8.41,ok,0,40,70,True,0.3000,0.3000,8.5300,2.9855,2.9855,-44.8963,0.2125,-0.2117
1775099108.413,157,7.52,ok,0,42,72,True,0.3000,0.3000,8.4100,2.9435,2.9435,-45.0056,0.2121,-0.2122
1775099108.507,158,7.70,ok,0,42,72,True,0.3000,0.3000,7.5200,2.6320,2.6320,-45.3762,0.2107,-0.2135
1775099108.600,159,7.83,ok,0,42,72,True,0.3000,0.3000,7.7000,2.6950,2.6950,-45.3667,0.2108,-0.2135
1775099108.691,160,8.88,ok,0,42,72,True,0.3000,0.3000,7.8300,2.7405,2.7405,-45.3732,0.2107,-0.2135
1775099108.811,161,9.61,ok,0,42,72,True,0.3000,0.3000,8.8800,3.1080,3.1080,-45.0600,0.2119,-0.2124
1775099108.918,162,10.12,ok,0,42,72,True,0.3000,0.3000,9.6100,3.3635,3.3635,-44.8538,0.2127,-0.2116
1775099109.039,163,12.09,ok,0,41,71,True,0.3000,0.3000,10.1200,3.5420,3.5420,-44.7827,0.2129,-0.2113
1775099109.161,164,11.02,ok,0,43,73,True,0.3000,0.3000,12.0900,4.2315,4.2315,-44.1767,0.2152,-0.2091
1775099109.289,165,10.16,ok,0,41,71,True,0.3000,0.3000,11.0200,3.8570,3.8570,-44.6734,0.2133,-0.2109
1775099109.411,166,9.67,ok,0,42,72,True,0.3000,0.3000,10.1600,3.5560,3.5560,-45.0576,0.2119,-0.2123
1775099109.541,167,9.33,ok,0,44,74,True,0.3000,0.3000,9.6700,3.3845,3.3845,-45.3518,0.2108,-0.2134
1775099109.663,168,7.39,ok,0,46,76,True,0.3000,0.3000,9.3300,3.2655,3.2655,-45.5452,0.2101,-0.2141
1775099109.759,169,6.88,ok,0,45,75,True,0.3000,0.3000,7.3900,2.5865,2.5865,-46.2937,0.2073,-0.2169
1775099109.854,170,6.53,ok,0,46,76,True,0.3000,0.3000,6.8800,2.4080,2.4080,-46.5383,0.2064,-0.2178
1775099109.955,171,8.14,ok,0,46,76,True,0.3000,0.3000,6.5300,2.2855,2.2855,-46.7293,0.2056,-0.2184
1775099110.072,172,9.26,ok,0,46,76,True,0.3000,0.3000,8.1400,2.8490,2.8490,-46.2331,0.2075,-0.2166
1775099110.194,173,8.29,ok,0,47,77,True,0.3000,0.3000,9.2600,3.2410,3.2410,-45.9413,0.2086,-0.2156
1775099110.307,174,9.37,ok,0,46,76,True,0.3000,0.3000,8.2900,2.9015,2.9015,-46.3470,0.2071,-0.2171
1775099110.408,175,8.36,ok,0,47,77,True,0.3000,0.3000,9.3700,3.2795,3.2795,-46.0362,0.2083,-0.2159
1775099110.510,176,7.65,ok,0,48,78,True,0.3000,0.3000,8.3600,2.9260,2.9260,-46.4591,0.2067,-0.2175
1775099110.580,177,7.16,ok,0,48,78,True,0.3000,0.3000,7.6500,2.6775,2.6775,-46.7451,0.2056,-0.2185
1775099110.670,178,8.58,ok,0,47,77,True,0.3000,0.3000,7.1600,2.5060,2.5060,-46.9920,0.2046,-0.2194
1775099110.798,179,7.81,ok,0,48,78,True,0.3000,0.3000,8.5800,3.0030,3.0030,-46.5913,0.2062,-0.2179
1775099110.884,180,5.47,ok,0,51,81,True,0.3000,0.3000,7.8100,2.7335,2.7335,-46.9188,0.2049,-0.2191
1775099110.976,181,7.39,ok,0,48,78,True,0.3000,0.3000,5.4700,1.9145,1.9145,-47.7795,0.2016,-0.2222
1775099111.062,182,8.74,ok,0,48,78,True,0.3000,0.3000,7.3900,2.5865,2.5865,-47.1657,0.2040,-0.2200
1775099111.178,183,9.69,ok,0,49,79,True,0.3000,0.3000,8.7400,3.0590,3.0590,-46.7521,0.2055,-0.2185
1775099111.299,184,10.35,ok,0,49,79,True,0.3000,0.3000,9.6900,3.3915,3.3915,-46.5096,0.2065,-0.2176
1775099111.419,185,12.50,ok,0,47,77,True,0.3000,0.3000,10.3500,3.6225,3.6225,-46.3329,0.2071,-0.2170
1775099111.542,186,14.01,ok,0,47,77,True,0.3000,0.3000,12.5000,4.3750,4.3750,-45.6587,0.2097,-0.2146
1775099111.661,187,11.61,ok,0,52,82,True,0.3000,0.3000,14.0100,4.9035,4.9035,-45.1776,0.2115,-0.2128
1775099111.791,188,12.55,ok,0,50,80,True,0.3000,0.3000,11.6100,4.0635,4.0635,-46.0813,0.2081,-0.2161
1775099111.911,189,10.59,ok,0,52,82,True,0.3000,0.3000,12.5500,4.3925,4.3925,-45.7899,0.2092,-0.2150
1775099112.027,190,10.98,ok,0,51,81,True,0.3000,0.3000,10.5900,3.7065,3.7065,-46.5110,0.2065,-0.2177
1775099112.151,191,11.25,ok,0,51,81,True,0.3000,0.3000,10.9800,3.8430,3.8430,-46.4234,0.2068,-0.2173
1775099112.281,192,11.44,ok,0,52,82,True,0.3000,0.3000,11.2500,3.9375,3.9375,-46.3539,0.2071,-0.2171
1775099112.402,193,12.43,ok,0,52,82,True,0.3000,0.3000,11.4400,4.0040,4.0040,-46.3170,0.2072,-0.2170
1775099112.521,194,13.13,ok,0,52,82,True,0.3000,0.3000,12.4300,4.3505,4.3505,-45.9918,0.2084,-0.2158
1775099112.630,195,10.99,ok,0,59,89,True,0.3000,0.3000,13.1300,4.5955,4.5955,-45.7616,0.2093,-0.2149
1775099112.747,196,12.12,ok,0,54,84,True,0.3000,0.3000,10.9900,3.8465,3.8465,-46.5217,0.2064,-0.2177
1775099112.860,197,12.90,ok,0,59,89,True,0.3000,0.3000,12.1200,4.2420,4.2420,-46.1242,0.2079,-0.2163
1775099112.974,198,10.84,ok,0,75,105,True,0.3000,0.3000,12.9000,4.5150,4.5150,-45.8429,0.2090,-0.2152
1775099113.089,199,12.01,ok,0,66,96,True,0.3000,0.3000,10.8400,3.7940,3.7940,-46.5430,0.2063,-0.2178
1775099113.212,200,12.83,ok,0,77,107,True,0.3000,0.3000,12.0100,4.2035,4.2035,-46.1089,0.2080,-0.2162
1775099113.332,201,10.78,ok,0,65,95,True,0.3000,0.3000,12.8300,4.4905,4.4905,-45.7924,0.2092,-0.2150
1775099113.455,202,9.35,ok,0,62,92,True,0.3000,0.3000,10.7800,3.7730,3.7730,-46.4580,0.2067,-0.2175
1775099113.578,203,10.97,ok,0,62,92,True,0.3000,0.3000,9.3500,3.2725,3.2725,-46.9211,0.2049,-0.2191
1775099113.704,204,12.34,ok,0,64,94,True,0.3000,0.3000,10.9700,3.8395,3.8395,-46.2892,0.2073,-0.2169
1775099113.824,205,10.54,ok,0,67,97,True,0.3000,0.3000,12.3400,4.3190,4.3190,-45.7633,0.2093,-0.2149
1775099113.961,206,9.28,ok,0,66,96,True,0.3000,0.3000,10.5400,3.6890,3.6890,-46.3158,0.2072,-0.2169
1775099114.092,207,11.15,ok,0,62,92,True,0.3000,0.3000,9.2800,3.2480,3.2480,-46.6737,0.2058,-0.2182
1775099114.212,208,9.71,ok,0,66,96,True,0.3000,0.3000,11.1500,3.9025,3.9025,-45.9567,0.2086,-0.2156
1775099114.344,209,11.45,ok,0,80,110,True,0.3000,0.3000,9.7100,3.3985,3.3985,-46.3622,0.2070,-0.2171
1775099114.471,210,12.67,ok,0,65,95,True,0.3000,0.3000,11.4500,4.0075,4.0075,-45.6721,0.2096,-0.2146
1775099114.608,211,10.77,ok,0,79,109,True,0.3000,0.3000,12.6700,4.4345,4.4345,-45.1195,0.2117,-0.2126
1775099114.742,212,7.54,ok,0,66,96,True,0.3000,0.3000,10.7700,3.7695,3.7695,-45.6520,0.2097,-0.2145
1775099114.826,213,8.12,ok,0,81,111,True,0.3000,0.3000,7.5400,2.6390,2.6390,-46.7390,0.2056,-0.2185
1775099114.950,214,8.52,ok,0,70,100,True,0.3000,0.3000,8.1200,2.8420,2.8420,-46.3945,0.2069,-0.2172
1775099115.060,215,5.96,ok,0,81,111,True,0.3000,0.3000,8.5200,2.9820,2.9820,-46.1727,0.2077,-0.2164
1775099115.150,216,4.18,ok,0,81,111,True,0.3000,0.3000,5.9600,2.0860,2.0860,-46.9942,0.2046,-0.2194
1775099115.243,217,2.92,ok,0,76,106,True,0.3000,0.3000,4.1800,1.4630,1.4630,-47.5350,0.2025,-0.2213
1775099115.323,218,9.65,ok,0,76,106,True,0.3000,0.3000,2.9200,1.0220,1.0220,-47.9355,0.2010,-0.2227
1775099115.450,219,3.19,ok,0,77,107,True,0.3000,0.3000,9.6500,3.3775,3.3775,-45.4564,0.2104,-0.2138
1775099115.543,220,2.23,ok,0,77,107,True,0.3000,0.3000,3.1900,1.1165,1.1165,-47.6367,0.2021,-0.2217
1775099115.619,221,5.13,ok,0,77,107,True,0.3000,0.3000,2.2300,0.7805,0.7805,-47.9368,0.2010,-0.2227
1775099115.703,222,10.44,ok,0,73,103,True,0.3000,0.3000,5.1300,1.7955,1.7955,-46.8512,0.2052,-0.2189
1775099115.810,223,14.16,ok,0,73,103,True,0.3000,0.3000,10.4400,3.6540,3.6540,-44.9168,0.2124,-0.2118
1775099115.912,224,16.76,ok,0,74,104,True,0.3000,0.3000,14.1600,4.9560,4.9560,-43.5444,0.2175,-0.2067
1775099116.017,225,18.58,ok,0,77,107,True,0.3000,0.3000,16.7600,5.8660,5.8660,-42.5486,0.2210,-0.2029
1775099116.121,226,6.16,ok,0,76,106,True,0.3000,0.3000,18.5800,6.5030,6.5030,-41.7931,0.2237,-0.1999
1775099116.200,227,5.21,ok,0,75,105,True,0.3000,0.3000,6.1600,2.1560,4.0030,-44.1506,0.2153,-0.2090
1775099116.289,228,-1.01,ok,0,77,107,True,0.3000,0.3000,5.2100,1.8235,1.8235,-46.1866,0.2077,-0.2165
1775099116.365,229,-4.27,ok,0,75,105,True,0.3000,0.3000,-1.0100,-0.3535,0.5735,-47.3693,0.2032,-0.2207
1775099116.448,230,0.58,ok,0,71,101,True,0.3000,0.3000,-4.2700,-1.4945,-1.4945,-49.3031,0.1956,-0.2275
1775099116.530,231,1.31,ok,0,66,96,True,0.3000,0.3000,0.5800,0.2030,-0.2445,-47.9927,0.2008,-0.2229
1775099116.610,232,4.48,ok,0,64,94,True,0.3000,0.3000,1.3100,0.4585,0.4585,-47.1594,0.2040,-0.2200
1775099116.681,233,5.83,ok,0,61,91,True,0.3000,0.3000,4.4800,1.5680,1.5680,-45.9806,0.2085,-0.2157
1775099116.759,234,6.77,ok,0,75,105,True,0.3000,0.3000,5.8300,2.0405,2.0405,-45.3692,0.2108,-0.2135
1775099116.840,235,8.31,ok,0,44,74,True,0.3000,0.3000,6.7700,2.3695,2.3695,-44.9094,0.2125,-0.2118
1775099116.949,236,0.00,"boundary count=1, need 2",0,0,0,True,0.3000,0.3000,8.3100,2.9085,2.9085,-44.2328,0.2150,-0.2093
1775099117.010,237,0.00,"boundary count=1, need 2",0,0,0,False,0.3000,0.3000,0.0000,0.0000,1.6585,-45.4239,0.2106,-0.2137
1775099117.079,238,12.60,ok,0,41,71,False,0.3000,0.3000,0.0000,0.0000,0.4085,-46.6131,0.2061,-0.2180
1775099117.188,239,0.00,"boundary count=1, need 2",0,0,0,True,0.3000,0.3000,12.6000,4.4100,4.1585,-42.7041,0.2205,-0.2035
1775099117.259,240,0.00,"boundary count=1, need 2",0,0,0,False,0.3000,0.3000,0.0000,0.0000,2.9085,-43.9001,0.2162,-0.2080
1775099117.339,241,0.00,"boundary count=1, need 2",0,0,0,False,0.3000,0.3000,0.0000,0.0000,0.4085,-46.2943,0.2073,-0.2169
1775099117.412,242,0.00,"boundary count=1, need 2",0,0,0,False,0.3000,0.3000,0.0000,0.0000,0.0000,-46.6484,0.2059,-0.2181
1775099117.500,243,18.22,ok,0,41,71,False,0.3000,0.3000,0.0000,0.0000,0.0000,-46.5468,0.2063,-0.2178
1775099117.626,244,13.50,ok,0,31,61,True,0.3000,0.3000,18.2200,6.3770,2.5000,-43.9490,0.2160,-0.2082
1775099117.745,245,9.45,ok,0,30,60,True,0.3000,0.3000,13.5000,4.7250,4.7250,-41.5713,0.2244,-0.1991
1775099117.854,246,12.37,ok,0,52,82,True,0.3000,0.3000,9.4500,3.3075,3.3075,-42.8825,0.2198,-0.2041
1775099117.973,247,12.50,ok,0,35,65,True,0.3000,0.3000,12.3700,4.3295,4.3295,-41.7579,0.2238,-0.1998
1775099118.095,248,10.46,ok,0,42,72,True,0.3000,0.3000,12.5000,4.3750,4.3750,-41.5551,0.2245,-0.1990
1775099118.229,249,7.32,ok,0,45,75,True,0.3000,0.3000,10.4600,3.6610,3.6610,-42.1662,0.2224,-0.2014
1775099118.318,250,6.93,ok,0,44,74,True,0.3000,0.3000,7.3200,2.5620,2.5620,-43.1632,0.2188,-0.2052
1775099118.413,251,6.65,ok,0,45,75,True,0.3000,0.3000,6.9300,2.4255,2.4255,-43.2022,0.2187,-0.2054
1775099118.514,252,7.35,ok,0,47,77,True,0.3000,0.3000,6.6500,2.3275,2.3275,-43.1972,0.2187,-0.2054
1775099118.612,253,7.84,ok,0,47,77,True,0.3000,0.3000,7.3500,2.5725,2.5725,-42.8508,0.2199,-0.2040
1775099118.706,254,6.39,ok,0,46,76,True,0.3000,0.3000,7.8400,2.7440,2.7440,-42.5771,0.2209,-0.2030
1775099118.803,255,7.16,ok,0,46,76,True,0.3000,0.3000,6.3900,2.2365,2.2365,-42.9885,0.2194,-0.2046
1775099118.909,256,6.82,ok,0,47,77,True,0.3000,0.3000,7.1600,2.5060,2.5060,-42.6196,0.2208,-0.2031
1775099119.001,257,6.58,ok,0,47,77,True,0.3000,0.3000,6.8200,2.3870,2.3870,-42.6286,0.2207,-0.2032
1775099119.100,258,5.51,ok,0,47,77,True,0.3000,0.3000,6.5800,2.3030,2.3030,-42.6145,0.2208,-0.2031
1775099119.198,259,5.66,ok,0,47,77,True,0.3000,0.3000,5.5100,1.9285,1.9285,-42.8862,0.2198,-0.2042
1775099119.297,260,5.76,ok,0,47,77,True,0.3000,0.3000,5.6600,1.9810,1.9810,-42.7335,0.2204,-0.2036
1775099119.393,261,4.94,ok,0,47,77,True,0.3000,0.3000,5.7600,2.0160,2.0160,-42.6116,0.2208,-0.2031
1775099119.492,262,7.02,ok,0,46,76,True,0.3000,0.3000,4.9400,1.7290,1.7290,-42.8000,0.2201,-0.2038
1775099119.581,263,6.72,ok,0,46,76,True,0.3000,0.3000,7.0200,2.4570,2.4570,-42.0231,0.2229,-0.2008
1775099119.674,264,7.39,ok,0,46,76,True,0.3000,0.3000,6.7200,2.3520,2.3520,-42.0334,0.2228,-0.2009
1775099119.772,265,6.98,ok,0,46,76,True,0.3000,0.3000,7.3900,2.5865,2.5865,-41.6990,0.2240,-0.1996
1775099119.870,266,7.58,ok,0,46,76,True,0.3000,0.3000,6.9800,2.4430,2.4430,-41.7538,0.2238,-0.1998
1775099119.966,267,7.11,ok,0,46,76,True,0.3000,0.3000,7.5800,2.6530,2.6530,-41.4752,0.2248,-0.1987
1775099120.062,268,6.78,ok,0,45,75,True,0.3000,0.3000,7.1100,2.4885,2.4885,-41.5834,0.2244,-0.1991
1775099120.161,269,5.65,ok,0,45,75,True,0.3000,0.3000,6.7800,2.3730,2.3730,-41.6396,0.2242,-0.1993
1775099120.251,270,5.76,ok,0,45,75,True,0.3000,0.3000,5.6500,1.9775,1.9775,-41.9833,0.2230,-0.2007
1775099120.324,271,5.83,ok,0,45,75,True,0.3000,0.3000,5.7600,2.0160,2.0160,-41.9212,0.2232,-0.2004
1775099120.410,272,5.89,ok,0,45,75,True,0.3000,0.3000,5.8300,2.0405,2.0405,-41.8516,0.2235,-0.2002
1775099120.502,273,5.92,ok,0,45,75,True,0.3000,0.3000,5.8900,2.0615,2.0615,-41.7962,0.2237,-0.1999
1775099120.598,274,5.95,ok,0,46,76,True,0.3000,0.3000,5.9200,2.0720,2.0720,-41.7563,0.2238,-0.1998
1775099120.701,275,5.97,ok,0,46,76,True,0.3000,0.3000,5.9500,2.0825,2.0825,-41.7177,0.2239,-0.1996
1775099120.800,276,5.08,ok,0,45,75,True,0.3000,0.3000,5.9700,2.0895,2.0895,-41.6958,0.2240,-0.1996
1775099120.907,277,4.46,ok,0,46,76,True,0.3000,0.3000,5.0800,1.7780,1.7780,-42.0078,0.2229,-0.2008
1775099121.007,278,4.03,ok,0,45,75,True,0.3000,0.3000,4.4600,1.5610,1.5610,-42.2352,0.2221,-0.2017
1775099121.108,279,3.72,ok,0,45,75,True,0.3000,0.3000,4.0300,1.4105,1.4105,-42.4089,0.2215,-0.2023
1775099121.211,280,2.61,ok,0,45,75,True,0.3000,0.3000,3.7200,1.3020,1.3020,-42.5407,0.2210,-0.2028
1775099121.310,281,1.82,ok,0,45,75,True,0.3000,0.3000,2.6100,0.9135,0.9135,-42.9639,0.2195,-0.2045
1775099121.412,282,2.18,ok,0,45,75,True,0.3000,0.3000,1.8200,0.6370,0.6370,-43.2895,0.2184,-0.2057
1775099121.509,283,2.43,ok,0,45,75,True,0.3000,0.3000,2.1800,0.7630,0.7630,-43.2190,0.2186,-0.2054
1775099121.611,284,2.60,ok,0,45,75,True,0.3000,0.3000,2.4300,0.8505,0.8505,-43.1922,0.2187,-0.2053
1775099121.705,285,2.73,ok,0,45,75,True,0.3000,0.3000,2.6000,0.9100,0.9100,-43.1993,0.2187,-0.2054
1775099121.799,286,2.81,ok,0,45,75,True,0.3000,0.3000,2.7300,0.9555,0.9555,-43.2161,0.2186,-0.2054
1775099121.905,287,2.87,ok,0,45,75,True,0.3000,0.3000,2.8100,0.9835,0.9835,-43.2565,0.2185,-0.2056
1775099122.002,288,2.01,ok,0,45,75,True,0.3000,0.3000,2.8700,1.0045,1.0045,-43.3094,0.2183,-0.2058
1775099122.106,289,2.31,ok,0,45,75,True,0.3000,0.3000,2.0100,0.7035,0.7035,-43.6846,0.2169,-0.2072
1775099122.201,290,2.52,ok,0,45,75,True,0.3000,0.3000,2.3100,0.8085,0.8085,-43.6531,0.2171,-0.2071
1775099122.302,291,1.77,ok,0,45,75,True,0.3000,0.3000,2.5200,0.8820,0.8820,-43.6445,0.2171,-0.2071
1775099122.393,292,1.24,ok,0,45,75,True,0.3000,0.3000,1.7700,0.6195,0.6195,-43.9576,0.2160,-0.2082
1775099122.499,293,0.87,ok,0,45,75,True,0.3000,0.3000,1.2400,0.4340,0.4340,-44.1734,0.2152,-0.2090
1775099122.601,294,0.61,ok,0,46,76,True,0.3000,0.3000,0.8700,0.3045,0.3045,-44.3294,0.2146,-0.2096
1775099122.709,295,0.42,ok,0,46,76,True,0.3000,0.3000,0.6100,0.2135,0.2135,-44.4421,0.2142,-0.2101
1775099122.813,296,0.30,ok,0,46,76,True,0.3000,0.3000,0.4200,0.1470,0.1470,-44.5379,0.2138,-0.2104
1775099122.914,297,0.21,ok,0,46,76,True,0.3000,0.3000,0.3000,0.1050,0.1050,-44.6162,0.2135,-0.2107
1775099123.009,298,0.15,ok,0,46,76,True,0.3000,0.3000,0.2100,0.0735,0.0735,-44.6934,0.2133,-0.2110
1775099123.107,299,0.10,ok,0,45,75,True,0.3000,0.3000,0.1500,0.0525,0.0525,-44.7577,0.2130,-0.2112
1775099123.199,300,0.07,ok,0,46,76,True,0.3000,0.3000,0.1000,0.0350,0.0350,-44.8156,0.2128,-0.2114
1775099123.303,301,0.05,ok,0,45,75,True,0.3000,0.3000,0.0700,0.0245,0.0245,-44.8654,0.2126,-0.2116
1775099123.397,302,0.03,ok,0,45,75,True,0.3000,0.3000,0.0500,0.0175,0.0175,-44.9266,0.2124,-0.2119
1775099123.510,303,0.02,ok,0,46,76,True,0.3000,0.3000,0.0300,0.0105,0.0105,-44.9933,0.2122,-0.2121
1775099123.607,304,0.02,ok,0,46,76,True,0.3000,0.3000,0.0200,0.0070,0.0070,-45.0755,0.2119,-0.2124
1775099123.710,305,0.01,ok,0,46,76,True,0.3000,0.3000,0.0200,0.0070,0.0070,-45.1545,0.2116,-0.2127
1775099123.810,306,0.01,ok,0,46,76,True,0.3000,0.3000,0.0100,0.0035,0.0035,-45.2262,0.2113,-0.2130
1775099123.911,307,0.01,ok,0,46,76,True,0.3000,0.3000,0.0100,0.0035,0.0035,-45.2792,0.2111,-0.2132
1775099124.008,308,0.00,ok,0,46,76,True,0.3000,0.3000,0.0100,0.0035,0.0035,-45.3202,0.2109,-0.2133
1775099124.100,309,0.00,ok,0,46,76,True,0.3000,0.3000,0.0000,0.0000,0.0000,-45.3529,0.2108,-0.2134
1775099124.200,310,0.00,ok,0,46,76,True,0.3000,0.3000,0.0000,0.0000,0.0000,-45.3751,0.2107,-0.2135
1775099124.298,311,0.00,ok,0,46,76,True,0.3000,0.3000,0.0000,0.0000,0.0000,-45.3877,0.2107,-0.2136
1775099124.398,312,0.00,ok,0,47,77,True,0.3000,0.3000,0.0000,0.0000,0.0000,-45.4105,0.2106,-0.2136
1775099124.499,313,0.00,ok,0,47,77,True,0.3000,0.3000,0.0000,0.0000,0.0000,-45.4637,0.2104,-0.2138
1775099124.604,314,0.00,ok,0,47,77,True,0.3000,0.3000,0.0000,0.0000,0.0000,-45.5206,0.2102,-0.2141
1775099124.709,315,0.00,ok,0,47,77,True,0.3000,0.3000,0.0000,0.0000,0.0000,-45.5715,0.2100,-0.2142
1775099124.807,316,0.00,ok,0,47,77,True,0.3000,0.3000,0.0000,0.0000,0.0000,-45.6164,0.2098,-0.2144
1775099124.909,317,0.00,ok,0,46,76,True,0.3000,0.3000,0.0000,0.0000,0.0000,-45.6474,0.2097,-0.2145
1775099125.008,318,0.00,ok,0,46,76,True,0.3000,0.3000,0.0000,0.0000,0.0000,-45.6686,0.2096,-0.2146
1775099125.108,319,0.00,ok,0,46,76,True,0.3000,0.3000,0.0000,0.0000,0.0000,-45.6831,0.2096,-0.2146
1775099125.208,320,0.00,ok,0,46,76,True,0.3000,0.3000,0.0000,0.0000,0.0000,-45.6880,0.2096,-0.2147
1775099125.299,321,0.00,ok,0,46,76,True,0.3000,0.3000,0.0000,0.0000,0.0000,-45.6917,0.2096,-0.2147
1775099125.380,322,0.00,ok,0,46,76,True,0.3000,0.3000,0.0000,0.0000,0.0000,-45.6988,0.2095,-0.2147
1775099125.471,323,0.00,ok,0,46,76,True,0.3000,0.3000,0.0000,0.0000,0.0000,-45.7328,0.2094,-0.2148
1775099125.569,324,0.00,ok,0,47,77,True,0.3000,0.3000,0.0000,0.0000,0.0000,-45.7998,0.2092,-0.2151
1775099125.677,325,0.00,ok,0,47,77,True,0.3000,0.3000,0.0000,0.0000,0.0000,-45.8950,0.2088,-0.2154
1775099125.768,326,0.00,ok,0,47,77,True,0.3000,0.3000,0.0000,0.0000,0.0000,-46.0046,0.2084,-0.2158
1775099125.869,327,0.00,ok,0,47,77,True,0.3000,0.3000,0.0000,0.0000,0.0000,-46.1059,0.2080,-0.2162
1775099125.967,328,0.00,ok,0,47,77,True,0.3000,0.3000,0.0000,0.0000,0.0000,-46.1899,0.2077,-0.2165
1775099126.065,329,0.00,ok,0,47,77,True,0.3000,0.3000,0.0000,0.0000,0.0000,-46.2634,0.2074,-0.2168
1775099126.161,330,0.00,ok,0,47,77,True,0.3000,0.3000,0.0000,0.0000,0.0000,-46.3197,0.2072,-0.2170
1775099126.264,331,0.00,ok,0,47,77,True,0.3000,0.3000,0.0000,0.0000,0.0000,-46.3739,0.2070,-0.2172
1775099126.360,332,0.00,ok,0,46,76,True,0.3000,0.3000,0.0000,0.0000,0.0000,-46.4164,0.2068,-0.2173
1775099126.455,333,0.00,ok,0,46,76,True,0.3000,0.3000,0.0000,0.0000,0.0000,-46.4659,0.2066,-0.2175
1775099126.556,334,0.00,ok,0,46,76,True,0.3000,0.3000,0.0000,0.0000,0.0000,-46.5330,0.2064,-0.2177
1775099126.654,335,0.00,ok,0,47,77,True,0.3000,0.3000,0.0000,0.0000,0.0000,-46.6150,0.2061,-0.2180
1775099126.760,336,0.00,ok,0,47,77,True,0.3000,0.3000,0.0000,0.0000,0.0000,-46.7141,0.2057,-0.2184
1775099126.867,337,0.00,ok,0,47,77,True,0.3000,0.3000,0.0000,0.0000,0.0000,-46.8271,0.2053,-0.2188
1775099126.961,338,0.00,ok,0,47,77,True,0.3000,0.3000,0.0000,0.0000,0.0000,-46.9493,0.2048,-0.2192
1775099127.065,339,0.00,ok,0,47,77,True,0.3000,0.3000,0.0000,0.0000,0.0000,-47.0821,0.2043,-0.2197
1775099127.163,340,0.00,ok,0,47,77,True,0.3000,0.3000,0.0000,0.0000,0.0000,-47.2166,0.2038,-0.2202
1775099127.272,341,0.00,ok,0,47,77,True,0.3000,0.3000,0.0000,0.0000,0.0000,-47.3528,0.2032,-0.2207
1775099127.360,342,0.00,ok,0,45,75,True,0.3000,0.3000,0.0000,0.0000,0.0000,-47.5061,0.2027,-0.2212
1775099127.454,343,0.00,ok,0,59,89,True,0.3000,0.3000,0.0000,0.0000,0.0000,-47.6295,0.2022,-0.2216
1775099127.546,344,0.00,ok,0,48,78,True,0.3000,0.3000,0.0000,0.0000,0.0000,-47.7361,0.2018,-0.2220
1775099127.636,345,0.90,ok,0,47,77,True,0.3000,0.3000,0.0000,0.0000,0.0000,-47.8138,0.2015,-0.2223
1775099127.740,346,1.54,ok,0,49,79,True,0.3000,0.3000,0.9000,0.3150,0.3150,-47.5730,0.2024,-0.2214
1775099127.842,347,1.98,ok,0,50,80,True,0.3000,0.3000,1.5400,0.5390,0.5390,-47.4167,0.2030,-0.2209
1775099127.938,348,2.34,ok,0,57,87,True,0.3000,0.3000,1.9800,0.6930,0.6930,-47.3205,0.2034,-0.2205
1775099128.023,349,1.64,ok,0,53,83,True,0.3000,0.3000,2.3400,0.8190,0.8190,-47.2189,0.2038,-0.2202
1775099128.119,350,2.10,ok,0,52,82,True,0.3000,0.3000,1.6400,0.5740,0.5740,-47.5127,0.2026,-0.2212
1775099128.218,351,2.37,ok,0,54,84,True,0.3000,0.3000,2.1000,0.7350,0.7350,-47.4006,0.2031,-0.2208
1775099128.311,352,1.66,ok,0,51,81,True,0.3000,0.3000,2.3700,0.8295,0.8295,-47.3538,0.2032,-0.2207
1775099128.409,353,1.16,ok,0,57,87,True,0.3000,0.3000,1.6600,0.5810,0.5810,-47.6447,0.2021,-0.2217
1775099128.510,354,0.81,ok,0,58,88,True,0.3000,0.3000,1.1600,0.4060,0.4060,-47.8607,0.2013,-0.2225
1775099128.606,355,0.57,ok,0,59,89,True,0.3000,0.3000,0.8100,0.2835,0.2835,-48.0236,0.2006,-0.2230
1775099128.708,356,0.40,ok,0,46,76,True,0.3000,0.3000,0.5700,0.1995,0.1995,-48.1518,0.2001,-0.2235
1775099128.794,357,0.28,ok,0,49,79,True,0.3000,0.3000,0.4000,0.1400,0.1400,-48.2504,0.1998,-0.2238
1775099128.898,358,1.10,ok,0,49,79,True,0.3000,0.3000,0.2800,0.0980,0.0980,-48.3315,0.1994,-0.2241
1775099129.012,359,1.72,ok,0,49,79,True,0.3000,0.3000,1.1000,0.3850,0.3850,-48.0826,0.2004,-0.2232
1775099129.112,360,4.05,ok,0,49,79,True,0.3000,0.3000,1.7200,0.6020,0.6020,-47.8966,0.2011,-0.2226
1775099129.202,361,4.63,ok,0,48,78,True,0.3000,0.3000,4.0500,1.4175,1.4175,-47.1095,0.2042,-0.2198
1775099129.302,362,26.63,ok,0,15,45,True,0.3000,0.3000,4.6300,1.6205,1.6205,-46.9307,0.2049,-0.2192
1775099129.427,363,18.64,ok,0,47,77,True,0.3000,0.3000,26.6300,9.3205,4.1205,-44.4557,0.2141,-0.2101
1775099129.551,364,13.95,ok,0,46,76,True,0.3000,0.3000,18.6400,6.5240,6.5240,-42.0837,0.2227,-0.2011
1775099129.678,365,10.67,ok,0,47,77,True,0.3000,0.3000,13.9500,4.8825,4.8825,-43.7402,0.2167,-0.2074
1775099129.803,366,7.47,ok,0,48,78,True,0.3000,0.3000,10.6700,3.7345,3.7345,-44.9106,0.2125,-0.2118
1775099129.880,367,6.13,ok,0,50,80,True,0.3000,0.3000,7.4700,2.6145,2.6145,-46.0340,0.2083,-0.2159
1775099129.970,368,4.29,ok,0,49,79,True,0.3000,0.3000,6.1300,2.1455,2.1455,-46.5144,0.2065,-0.2177
1775099130.062,369,3.00,ok,0,49,79,True,0.3000,0.3000,4.2900,1.5015,1.5015,-47.1670,0.2040,-0.2200
1775099130.155,370,2.10,ok,0,54,84,True,0.3000,0.3000,3.0000,1.0500,1.0500,-47.6243,0.2022,-0.2216
1775099130.257,371,1.47,ok,0,54,84,True,0.3000,0.3000,2.1000,0.7350,0.7350,-47.9434,0.2010,-0.2227
1775099130.351,372,1.03,ok,0,53,83,True,0.3000,0.3000,1.4700,0.5145,0.5145,-48.1646,0.2001,-0.2235
1775099130.450,373,0.72,ok,0,55,85,True,0.3000,0.3000,1.0300,0.3605,0.3605,-48.3188,0.1995,-0.2241
1775099130.545,374,-0.40,ok,0,61,91,True,0.3000,0.3000,0.7200,0.2520,0.2520,-48.4254,0.1991,-0.2244
1775099130.645,375,1.52,ok,0,60,90,True,0.3000,0.3000,-0.4000,-0.1400,-0.1400,-48.8258,0.1975,-0.2258
1775099130.747,376,2.87,ok,0,47,77,True,0.3000,0.3000,1.5200,0.5320,0.5320,-48.1993,0.2000,-0.2236
1775099130.852,377,3.81,ok,0,49,79,True,0.3000,0.3000,2.8700,1.0045,1.0045,-47.7902,0.2016,-0.2222
1775099130.952,378,5.36,ok,0,49,79,True,0.3000,0.3000,3.8100,1.3335,1.3335,-47.5244,0.2026,-0.2213
1775099131.037,379,6.19,ok,0,36,66,True,0.3000,0.3000,5.3600,1.8760,1.8760,-47.0387,0.2045,-0.2195
1775099131.130,380,7.03,ok,0,49,79,True,0.3000,0.3000,6.1900,2.1665,2.1665,-46.7689,0.2055,-0.2186
1775099131.232,381,8.48,ok,0,48,78,True,0.3000,0.3000,7.0300,2.4605,2.4605,-46.5085,0.2065,-0.2176
1775099131.354,382,5.04,ok,0,51,81,True,0.3000,0.3000,8.4800,2.9680,2.9680,-46.0319,0.2083,-0.2159
1775099131.444,383,3.52,ok,0,70,100,True,0.3000,0.3000,5.0400,1.7640,1.7640,-47.2453,0.2037,-0.2203
1775099131.515,384,0.00,"boundary count=1, need 2",0,0,0,True,0.3000,0.3000,3.5200,1.2320,1.2320,-47.7798,0.2016,-0.2222
1775099131.587,385,0.00,"boundary count=1, need 2",0,0,0,False,0.3000,0.3000,0.0000,0.0000,0.0000,-49.0192,0.1967,-0.2265
1775099131.684,386,2.47,ok,0,58,88,False,0.3000,0.3000,0.0000,0.0000,0.0000,-49.0219,0.1967,-0.2265
1775099131.779,387,2.68,ok,0,50,80,True,0.3000,0.3000,2.4700,0.8645,0.8645,-48.1625,0.2001,-0.2235
1775099131.874,388,-1.69,ok,0,52,82,True,0.3000,0.3000,2.6800,0.9380,0.9380,-48.0998,0.2004,-0.2233
1775099131.961,389,8.56,ok,0,60,90,True,0.3000,0.3000,-1.6900,-0.5915,-0.5915,-49.6359,0.1943,-0.2286
1775099132.099,390,7.70,ok,0,41,71,True,0.3000,0.3000,8.5600,2.9960,2.9960,-46.0575,0.2082,-0.2160
1775099132.202,391,8.08,ok,0,49,79,True,0.3000,0.3000,7.7000,2.6950,2.6950,-46.3654,0.2070,-0.2171
1775099132.348,392,7.46,ok,0,47,77,True,0.3000,0.3000,8.0800,2.8280,2.8280,-46.2372,0.2075,-0.2167
1775099132.423,393,5.22,ok,0,51,81,True,0.3000,0.3000,7.4600,2.6110,2.6110,-46.4573,0.2067,-0.2175
1775099132.515,394,3.66,ok,0,41,71,True,0.3000,0.3000,5.2200,1.8270,1.8270,-47.2481,0.2036,-0.2203
1775099132.609,395,4.36,ok,0,47,77,True,0.3000,0.3000,3.6600,1.2810,1.2810,-47.7983,0.2015,-0.2222
1775099132.707,396,3.96,ok,0,61,91,True,0.3000,0.3000,4.3600,1.5260,1.5260,-47.5535,0.2025,-0.2214
1775099132.811,397,3.72,ok,0,49,79,True,0.3000,0.3000,3.9600,1.3860,1.3860,-47.6903,0.2019,-0.2219
1775099132.912,398,2.61,ok,0,66,96,True,0.3000,0.3000,3.7200,1.3020,1.3020,-47.7728,0.2016,-0.2221
1775099133.002,399,3.63,ok,0,44,74,True,0.3000,0.3000,2.6100,0.9135,0.9135,-48.1598,0.2001,-0.2235
1775099133.097,400,3.44,ok,0,49,79,True,0.3000,0.3000,3.6300,1.2705,1.2705,-47.7965,0.2015,-0.2222
1775099133.182,401,2.41,ok,0,64,94,True,0.3000,0.3000,3.4400,1.2040,1.2040,-47.8586,0.2013,-0.2224
1775099133.260,402,1.69,ok,0,59,89,True,0.3000,0.3000,2.4100,0.8435,0.8435,-48.2099,0.1999,-0.2237
1775099133.347,403,3.62,ok,0,38,68,True,0.3000,0.3000,1.6900,0.5915,0.5915,-48.4562,0.1990,-0.2245
1775099133.441,404,4.34,ok,0,47,77,True,0.3000,0.3000,3.6200,1.2670,1.2670,-47.7714,0.2016,-0.2221
1775099133.531,405,5.73,ok,0,49,79,True,0.3000,0.3000,4.3400,1.5190,1.5190,-47.5138,0.2026,-0.2212
1775099133.607,406,4.91,ok,0,56,86,True,0.3000,0.3000,5.7300,2.0055,2.0055,-47.0173,0.2045,-0.2195
1775099133.699,407,5.34,ok,0,53,83,True,0.3000,0.3000,4.9100,1.7185,1.7185,-47.2975,0.2035,-0.2205
1775099133.800,408,7.50,ok,0,69,99,True,0.3000,0.3000,5.3400,1.8690,1.8690,-47.1404,0.2041,-0.2199
1775099133.880,409,6.07,ok,0,36,66,True,0.3000,0.3000,7.5000,2.6250,2.6250,-46.3845,0.2069,-0.2172
1775099133.977,410,6.05,ok,0,46,76,True,0.3000,0.3000,6.0700,2.1245,2.1245,-46.8811,0.2051,-0.2190
1775099134.071,411,6.04,ok,0,49,79,True,0.3000,0.3000,6.0500,2.1175,2.1175,-46.8834,0.2050,-0.2190
1775099134.160,412,4.23,ok,0,46,76,True,0.3000,0.3000,6.0400,2.1140,2.1140,-46.8866,0.2050,-0.2190
1775099134.259,413,2.05,ok,0,46,76,True,0.3000,0.3000,4.2300,1.4805,1.4805,-47.5127,0.2026,-0.2212
1775099134.352,414,1.44,ok,0,45,75,True,0.3000,0.3000,2.0500,0.7175,0.7175,-48.2702,0.1997,-0.2239
1775099134.457,415,1.01,ok,0,45,75,True,0.3000,0.3000,1.4400,0.5040,0.5040,-48.4741,0.1989,-0.2246
1775099134.553,416,1.61,ok,0,61,91,True,0.3000,0.3000,1.0100,0.3535,0.3535,-48.6133,0.1983,-0.2251
1775099134.650,417,1.13,ok,0,48,78,True,0.3000,0.3000,1.6100,0.5635,0.5635,-48.3978,0.1992,-0.2243
1775099134.750,418,2.59,ok,0,74,104,True,0.3000,0.3000,1.1300,0.3955,0.3955,-48.5594,0.1986,-0.2249
1775099134.842,419,1.81,ok,0,65,95,True,0.3000,0.3000,2.5900,0.9065,0.9065,-48.0406,0.2006,-0.2231
1775099134.931,420,4.27,ok,0,81,111,True,0.3000,0.3000,1.8100,0.6335,0.6335,-48.3078,0.1995,-0.2240
1775099135.023,421,4.79,ok,0,51,81,True,0.3000,0.3000,4.2700,1.4945,1.4945,-47.4418,0.2029,-0.2210
1775099135.110,422,2.45,ok,0,53,83,True,0.3000,0.3000,4.7900,1.6765,1.6765,-47.2549,0.2036,-0.2203
1775099135.190,423,0.00,"boundary count=1, need 2",0,0,0,True,0.3000,0.3000,2.4500,0.8575,0.8575,-48.0649,0.2005,-0.2232
1775099135.275,424,7.25,ok,0,49,79,False,0.3000,0.3000,0.0000,0.0000,0.0000,-48.9229,0.1971,-0.2261
1775099135.373,425,4.17,ok,0,46,76,True,0.3000,0.3000,7.2500,2.5375,2.5000,-46.4124,0.2068,-0.2173
1775099135.461,426,2.92,ok,0,55,85,True,0.3000,0.3000,4.1700,1.4595,1.4595,-47.4463,0.2029,-0.2210
1775099135.568,427,2.04,ok,0,46,76,True,0.3000,0.3000,2.9200,1.0220,1.0220,-47.8688,0.2012,-0.2225
1775099135.668,428,1.43,ok,0,48,78,True,0.3000,0.3000,2.0400,0.7140,0.7140,-48.1659,0.2001,-0.2235
1775099135.770,429,3.01,ok,0,55,85,True,0.3000,0.3000,1.4300,0.5005,0.5005,-48.3665,0.1993,-0.2242
1775099135.863,430,4.80,ok,0,49,79,True,0.3000,0.3000,3.0100,1.0535,1.0535,-47.8000,0.2015,-0.2222
1775099135.956,431,5.26,ok,0,69,99,True,0.3000,0.3000,4.8000,1.6800,1.6800,-47.1624,0.2040,-0.2200
1775099136.046,432,3.68,ok,0,63,93,True,0.3000,0.3000,5.2600,1.8410,1.8410,-46.9925,0.2046,-0.2194
1775099136.134,433,6.15,ok,0,75,105,True,0.3000,0.3000,3.6800,1.2880,1.2880,-47.5400,0.2025,-0.2213
1775099136.210,434,0.00,"boundary count=1, need 2",0,0,0,True,0.3000,0.3000,6.1500,2.1525,2.1525,-46.6739,0.2058,-0.2182
1775099136.302,435,5.16,ok,0,63,93,False,0.3000,0.3000,0.0000,0.0000,0.0000,-48.8249,0.1975,-0.2258
1775099136.388,436,3.61,ok,0,45,75,True,0.3000,0.3000,5.1600,1.8060,1.8060,-47.0146,0.2045,-0.2195
1775099136.476,437,2.53,ok,0,47,77,True,0.3000,0.3000,3.6100,1.2635,1.2635,-47.5591,0.2024,-0.2214
1775099136.569,438,2.67,ok,0,49,79,True,0.3000,0.3000,2.5300,0.8855,0.8855,-47.9387,0.2010,-0.2227
1775099136.654,439,2.88,ok,0,84,114,True,0.3000,0.3000,2.6700,0.9345,0.9345,-47.8829,0.2012,-0.2225
1775099136.747,440,2.97,ok,0,54,84,True,0.3000,0.3000,2.8800,1.0080,1.0080,-47.8052,0.2015,-0.2223
1775099136.848,441,3.03,ok,0,52,82,True,0.3000,0.3000,2.9700,1.0395,1.0395,-47.7688,0.2016,-0.2221
1775099136.960,442,3.03,ok,0,49,79,True,0.3000,0.3000,3.0300,1.0605,1.0605,-47.7425,0.2017,-0.2220
1775099137.061,443,3.02,ok,0,49,79,True,0.3000,0.3000,3.0300,1.0605,1.0605,-47.7326,0.2018,-0.2220
1775099137.153,444,3.02,ok,0,55,85,True,0.3000,0.3000,3.0200,1.0570,1.0570,-47.7312,0.2018,-0.2220
1775099137.239,445,0.00,"boundary count=1, need 2",0,0,0,True,0.3000,0.3000,3.0200,1.0570,1.0570,-47.7230,0.2018,-0.2220
1775099137.328,446,2.97,ok,0,52,82,False,0.3000,0.3000,0.0000,0.0000,0.0000,-48.7779,0.1977,-0.2256
1775099137.423,447,5.32,ok,0,42,72,True,0.3000,0.3000,2.9700,1.0395,1.0395,-47.7328,0.2018,-0.2220
1775099137.520,448,5.52,ok,0,52,82,True,0.3000,0.3000,5.3200,1.8620,1.8620,-46.9040,0.2050,-0.2191
1775099137.601,449,0.00,"boundary count=1, need 2",0,0,0,True,0.3000,0.3000,5.5200,1.9320,1.9320,-46.8265,0.2053,-0.2188
1775099137.704,450,3.87,ok,0,55,85,False,0.3000,0.3000,0.0000,0.0000,0.0000,-48.7505,0.1978,-0.2256
1775099137.808,451,2.71,ok,0,55,85,True,0.3000,0.3000,3.8700,1.3545,1.3545,-47.3880,0.2031,-0.2208
1775099137.899,452,3.80,ok,0,65,95,True,0.3000,0.3000,2.7100,0.9485,0.9485,-47.7902,0.2016,-0.2222
1775099137.986,453,3.61,ok,0,51,81,True,0.3000,0.3000,3.8000,1.3300,1.3300,-47.4032,0.2031,-0.2208
1775099138.071,454,2.53,ok,0,60,90,True,0.3000,0.3000,3.6100,1.2635,1.2635,-47.4669,0.2028,-0.2211
1775099138.161,455,2.67,ok,0,60,90,True,0.3000,0.3000,2.5300,0.8855,0.8855,-47.8351,0.2014,-0.2224
1775099138.253,456,1.87,ok,0,44,74,True,0.3000,0.3000,2.6700,0.9345,0.9345,-47.7795,0.2016,-0.2222
1775099138.361,457,1.31,ok,0,46,76,True,0.3000,0.3000,1.8700,0.6545,0.6545,-48.0502,0.2005,-0.2231
1775099138.459,458,0.92,ok,0,49,79,True,0.3000,0.3000,1.3100,0.4585,0.4585,-48.2391,0.1998,-0.2238
1775099138.561,459,2.54,ok,0,77,107,True,0.3000,0.3000,0.9200,0.3220,0.3220,-48.3614,0.1993,-0.2242
1775099138.663,460,1.78,ok,0,61,91,True,0.3000,0.3000,2.5400,0.8890,0.8890,-47.7852,0.2016,-0.2222
1775099138.762,461,4.25,ok,0,62,92,True,0.3000,0.3000,1.7800,0.6230,0.6230,-48.0407,0.2006,-0.2231
1775099138.862,462,10.16,ok,0,53,83,True,0.3000,0.3000,4.2500,1.4875,1.4875,-47.1666,0.2040,-0.2200
1775099138.998,463,10.68,ok,0,75,105,True,0.3000,0.3000,10.1600,3.5560,3.5560,-45.0794,0.2118,-0.2124
1775099139.124,464,11.86,ok,0,38,68,True,0.3000,0.3000,10.6800,3.7380,3.7380,-44.8875,0.2125,-0.2117
1775099139.254,465,9.12,ok,0,42,72,True,0.3000,0.3000,11.8600,4.1510,4.1510,-44.4644,0.2141,-0.2101
1775099139.368,466,7.20,ok,0,37,67,True,0.3000,0.3000,9.1200,3.1920,3.1920,-45.4178,0.2106,-0.2137
1775099139.441,467,0.00,"boundary count=1, need 2",0,0,0,True,0.3000,0.3000,7.2000,2.5200,2.5200,-46.0875,0.2081,-0.2161
1775099139.529,468,7.06,ok,0,69,99,False,0.3000,0.3000,0.0000,0.0000,1.2700,-47.3355,0.2033,-0.2206
1775099139.619,469,6.95,ok,0,61,91,True,0.3000,0.3000,7.0600,2.4710,2.4710,-46.1289,0.2079,-0.2163
1775099139.704,470,8.88,ok,0,44,74,True,0.3000,0.3000,6.9500,2.4325,2.4325,-46.1586,0.2078,-0.2164
1775099139.848,471,6.22,ok,0,52,82,True,0.3000,0.3000,8.8800,3.1080,3.1080,-45.4710,0.2104,-0.2139
1775099139.944,472,6.16,ok,0,52,82,True,0.3000,0.3000,6.2200,2.1770,2.1770,-46.4011,0.2069,-0.2173
1775099140.030,473,7.88,ok,0,51,81,True,0.3000,0.3000,6.1600,2.1560,2.1560,-46.4204,0.2068,-0.2173
1775099140.114,474,9.08,ok,0,75,105,True,0.3000,0.3000,7.8800,2.7580,2.7580,-45.8147,0.2091,-0.2151
1775099140.257,475,8.79,ok,0,44,74,True,0.3000,0.3000,9.0800,3.1780,3.1780,-45.3863,0.2107,-0.2136
1775099140.369,476,6.97,ok,0,44,74,True,0.3000,0.3000,8.7900,3.0765,3.0765,-45.4810,0.2103,-0.2139
1775099140.461,477,7.44,ok,0,47,77,True,0.3000,0.3000,6.9700,2.4395,2.4395,-46.1125,0.2080,-0.2162
1775099140.563,478,11.28,ok,0,51,81,True,0.3000,0.3000,7.4400,2.6040,2.6040,-45.9385,0.2086,-0.2156
1775099140.710,479,11.87,ok,0,60,90,True,0.3000,0.3000,11.2800,3.9480,3.9480,-44.5856,0.2137,-0.2106
1775099140.829,480,10.44,ok,0,80,110,True,0.3000,0.3000,11.8700,4.1545,4.1545,-44.3671,0.2145,-0.2098
1775099140.950,481,9.21,ok,0,52,82,True,0.3000,0.3000,10.4400,3.6540,3.6540,-44.8523,0.2127,-0.2116
1775099141.071,482,7.35,ok,0,50,80,True,0.3000,0.3000,9.2100,3.2235,3.2235,-45.2709,0.2111,-0.2131
1775099141.160,483,6.05,ok,0,57,87,True,0.3000,0.3000,7.3500,2.5725,2.5725,-45.9093,0.2087,-0.2155
1775099141.246,484,0.00,"boundary count=1, need 2",0,0,0,True,0.3000,0.3000,6.0500,2.1175,2.1175,-46.3468,0.2071,-0.2171
1775099141.335,485,5.87,ok,0,43,73,False,0.3000,0.3000,0.0000,0.0000,0.0000,-48.4467,0.1990,-0.2245
1775099141.420,486,5.91,ok,0,57,87,True,0.3000,0.3000,5.8700,2.0545,1.2500,-47.1908,0.2039,-0.2201
1775099141.511,487,7.14,ok,0,72,102,True,0.3000,0.3000,5.9100,2.0685,2.0685,-46.3530,0.2071,-0.2171
1775099141.618,488,6.90,ok,0,57,87,True,0.3000,0.3000,7.1400,2.4990,2.4990,-45.9064,0.2087,-0.2155
1775099141.708,489,9.22,ok,0,49,79,True,0.3000,0.3000,6.9000,2.4150,2.4150,-45.9805,0.2085,-0.2157
1775099141.858,490,8.25,ok,0,52,82,True,0.3000,0.3000,9.2200,3.2270,3.2270,-45.1475,0.2116,-0.2127
1775099141.980,491,5.78,ok,0,54,84,True,0.3000,0.3000,8.2500,2.8875,2.8875,-45.4655,0.2104,-0.2138
1775099142.077,492,6.74,ok,0,59,89,True,0.3000,0.3000,5.7800,2.0230,2.0230,-46.3042,0.2072,-0.2169
1775099142.154,493,0.00,"boundary count=1, need 2",0,0,0,True,0.3000,0.3000,6.7400,2.3590,2.3590,-45.9410,0.2086,-0.2156
1775099142.245,494,4.72,ok,0,39,69,False,0.3000,0.3000,0.0000,0.0000,0.0000,-48.2616,0.1997,-0.2239
1775099142.341,495,6.14,ok,0,62,92,True,0.3000,0.3000,4.7200,1.6520,1.6520,-46.5670,0.2063,-0.2179
1775099142.411,496,10.71,ok,0,40,70,True,0.3000,0.3000,6.1400,2.1490,2.1490,-46.0459,0.2082,-0.2160
1775099142.532,497,10.50,ok,0,61,91,True,0.3000,0.3000,10.7100,3.7485,3.7485,-44.4043,0.2143,-0.2099
1775099142.666,498,10.35,ok,0,66,96,True,0.3000,0.3000,10.5000,3.6750,3.6750,-44.4140,0.2143,-0.2100
1775099142.803,499,10.08,ok,0,62,92,True,0.3000,0.3000,10.3500,3.6225,3.6225,-44.4193,0.2143,-0.2100
1775099142.927,500,11.72,ok,0,56,86,True,0.3000,0.3000,10.0800,3.5280,3.5280,-44.4879,0.2140,-0.2102
1775099143.064,501,12.62,ok,0,53,83,True,0.3000,0.3000,11.7200,4.1020,4.1020,-43.8838,0.2162,-0.2080
1775099143.193,502,10.47,ok,0,45,75,True,0.3000,0.3000,12.6200,4.4170,4.4170,-43.5474,0.2174,-0.2067
1775099143.305,503,9.56,ok,0,44,74,True,0.3000,0.3000,10.4700,3.6645,3.6645,-44.2840,0.2148,-0.2095
1775099143.415,504,6.69,ok,0,41,71,True,0.3000,0.3000,9.5600,3.3460,3.3460,-44.5831,0.2137,-0.2106
1775099143.505,505,6.49,ok,0,66,96,True,0.3000,0.3000,6.6900,2.3415,2.3415,-45.5729,0.2100,-0.2142
1775099143.603,506,7.23,ok,0,49,79,True,0.3000,0.3000,6.4900,2.2715,2.2715,-45.6328,0.2098,-0.2145
1775099143.693,507,6.87,ok,0,52,82,True,0.3000,0.3000,7.2300,2.5305,2.5305,-45.3634,0.2108,-0.2135
1775099143.794,508,6.61,ok,0,51,81,True,0.3000,0.3000,6.8700,2.4045,2.4045,-45.4813,0.2103,-0.2139
1775099143.892,509,4.63,ok,0,61,91,True,0.3000,0.3000,6.6100,2.3135,2.3135,-45.5596,0.2101,-0.2142
1775099143.978,510,7.45,ok,0,45,75,True,0.3000,0.3000,4.6300,1.6205,1.6205,-46.2424,0.2075,-0.2167
1775099144.074,511,5.21,ok,0,48,78,True,0.3000,0.3000,7.4500,2.6075,2.6075,-45.2287,0.2113,-0.2130
1775099144.163,512,7.04,ok,0,33,63,True,0.3000,0.3000,5.2100,1.8235,1.8235,-45.9815,0.2085,-0.2157
1775099144.258,513,4.93,ok,0,52,82,True,0.3000,0.3000,7.0400,2.4640,2.4640,-45.3129,0.2110,-0.2133
1775099144.353,514,5.25,ok,0,55,85,True,0.3000,0.3000,4.9300,1.7255,1.7255,-46.0181,0.2083,-0.2159
1775099144.444,515,10.87,ok,0,76,106,True,0.3000,0.3000,5.2500,1.8375,1.8375,-45.8714,0.2089,-0.2153
1775099144.575,516,9.51,ok,0,54,84,True,0.3000,0.3000,10.8700,3.8045,3.8045,-43.8722,0.2163,-0.2079
1775099144.712,517,6.66,ok,0,65,95,True,0.3000,0.3000,9.5100,3.3285,3.3285,-44.3056,0.2147,-0.2095
1775099144.810,518,6.56,ok,0,55,85,True,0.3000,0.3000,6.6600,2.3310,2.3310,-45.2797,0.2111,-0.2132
1775099144.904,519,6.40,ok,0,51,81,True,0.3000,0.3000,6.5600,2.2960,2.2960,-45.2954,0.2110,-0.2132
1775099144.994,520,4.48,ok,0,48,78,True,0.3000,0.3000,6.4000,2.2400,2.2400,-45.3367,0.2109,-0.2134
1775099145.081,521,3.95,ok,0,44,74,True,0.3000,0.3000,4.4800,1.5680,1.5680,-46.0005,0.2084,-0.2158
1775099145.167,522,4.40,ok,0,45,75,True,0.3000,0.3000,3.9500,1.3825,1.3825,-46.1659,0.2078,-0.2164
1775099145.254,523,5.52,ok,0,51,81,True,0.3000,0.3000,4.4000,1.5400,1.5400,-45.9891,0.2084,-0.2158
1775099145.348,524,8.29,ok,0,54,84,True,0.3000,0.3000,5.5200,1.9320,1.9320,-45.5791,0.2100,-0.2143
1775099145.470,525,7.70,ok,0,72,102,True,0.3000,0.3000,8.2900,2.9015,2.9015,-44.5944,0.2136,-0.2106
1775099145.561,526,12.11,ok,0,63,93,True,0.3000,0.3000,7.7000,2.6950,2.6950,-44.7799,0.2129,-0.2113
1775099145.699,527,8.47,ok,0,69,99,True,0.3000,0.3000,12.1100,4.2385,4.2385,-43.2039,0.2187,-0.2054
1775099145.823,528,11.46,ok,0,56,86,True,0.3000,0.3000,8.4700,2.9645,2.9645,-44.4462,0.2142,-0.2101
1775099145.951,529,11.59,ok,0,53,83,True,0.3000,0.3000,11.4600,4.0110,4.0110,-43.3477,0.2182,-0.2059
1775099146.077,530,8.97,ok,0,52,82,True,0.3000,0.3000,11.5900,4.0565,4.0565,-43.2629,0.2185,-0.2056
1775099146.207,531,10.86,ok,0,42,72,True,0.3000,0.3000,8.9700,3.1395,3.1395,-44.1276,0.2153,-0.2089
1775099146.329,532,8.42,ok,0,51,81,True,0.3000,0.3000,10.8600,3.8010,3.8010,-43.4356,0.2178,-0.2063
1775099146.457,533,10.32,ok,0,53,83,True,0.3000,0.3000,8.4200,2.9470,2.9470,-44.2489,0.2149,-0.2093
